S,avg_throughput_mops,avg_uniform_mops,avg_skew_mops,rows_count
16,8.181812,10.703875,5.659750,16
32,8.813000,11.375875,6.250125,16
64,10.786625,15.567500,6.005750,16
128,10.869750,15.729500,6.010000,16
256,9.166125,11.847500,6.484750,16
512,9.022687,11.581875,6.463500,16
